{"run_time":{"0":"2025-10-25 19:07:55.283303"},"data_shape":{"0":[60,41]},"train_test_split":{"0":{"train":48,"test":12}},"best_rf_params":{"0":{"max_depth":10,"min_samples_split":5,"n_estimators":100}},"best_xgb_params":{"0":{"learning_rate":0.05,"max_depth":4,"n_estimators":100}},"results_summary":{"0":{"Model":{"1":"Random Forest","5":"Ensemble","4":"LightGBM","3":"XGBoost","2":"Gradient Boosting","0":"Logistic Regression"},"Accuracy":{"1":0.5833333333,"5":0.5833333333,"4":0.5833333333,"3":0.5,"2":0.5,"0":0.3333333333},"Precision":{"1":0.75,"5":0.75,"4":0.6666666667,"3":0.5714285714,"2":0.6,"0":0.3333333333},"Recall":{"1":0.4285714286,"5":0.4285714286,"4":0.5714285714,"3":0.5714285714,"2":0.4285714286,"0":0.1428571429},"F1 Score":{"1":0.5454545455,"5":0.5454545455,"4":0.6153846154,"3":0.5714285714,"2":0.5,"0":0.2},"ROC-AUC":{"1":0.6142857143,"5":0.6142857143,"4":0.5857142857,"3":0.4857142857,"2":0.5142857143,"0":0.3714285714}}}}